Period ,Div_Yield
1,0.034840016
2,0.039722357
3,0.034665123
4,0.038174754
