quarter,tax_rate
1,0.300057774
2,0.301268865
3,0.308627128
4,0.301210244