quarter,tax_rate
1,0.300015059
2,0.301063622
3,0.309374548
4,0.301664674